First Name,Last Name,Middle Name,Suffix,Occupation,Gender,Birthdate,Priority Group,Category ID,Category Number,PhilHealth ID,PWD ID,Allergy to vaccine,Hypertension,Diabetes,Heart Disease,Asthm,Kidney Disease,Immunodeficiecny,Cancer,Other,House Address,Barangay,City,Province,Region,Number,
Adriel,Gaviola,Miguel, ,Student,Male,9/17/1999,A3: Person with Commorbidity,Other,2191057,1231,1212312,0,0,0,0,1,0,0,0,PM,15 Tacay Road.,Quezon Hill,Baguio City,Benguet,CAR,9217357942,2191057@slu.edu.ph
Hudson,Kit,Pasalo, ,Student,Male,11/27/1999,A3: Person with Commorbidity,Other,2191057,1231,1212312,0,0,0,0,1,0,0,0,None,15 Tacay Road.,Quezon Hill,Baguio City,Benguet,CAR,9217357942,2191057@slu.edu.ph
Kilrone,Del-Ong,Honkai, ,Student,Male,9/27/1999,A3: Person with Commorbidity,Other,2191057,1231,1212312,0,0,0,0,1,0,0,0,None,15 Tacay Road.,Quezon Hill,Baguio City,Benguet,CAR,9217357942,2191057@slu.edu.ph
Jecelito,Batac,Artbog, ,Student,Male,11/5/1999,A3: Person with Commorbidity,Other,2191057,1231,1212312,0,0,0,0,1,0,0,0,None,15 Tacay Road.,Quezon Hill,Baguio City,Benguet,CAR,9217357942,2191057@slu.edu.ph
Meredith ,Grey,Pompeo,,Doctor,Female,5/23/1967,A1: Health Care Workers,Facility ,2167809,7556,,0,0,0,0,0,0,0,0,None,76-A Liteng,Pacdal,Baguio City,Benguet,CAR,9456987632,Meredith .Grey@gmail.com
Cristina,Yang,Oh,,Doctor,Female,12/15/1967,A1: Health Care Workers,Facility,2156789,1428,,0,0,0,0,1,0,0,0,None,98-B ,Outlook Drive,Baguio City,Benguet,CAR,9087345632,Cristina.Yang@gmail.com
Marissa,Bacasen,Johnson,,Teacher,Female,11/15/2000,A6: Rest of the Population,Other,2037221,6345,,0,0,0,0,0,1,0,0,None,22 Upper Mangga,Balsigan,Baguio City,Benguet,CAR,9123456789,Marissa.Bacasen@gmail.com
Eddie,Rafael,Lim,Sr.,Student,Male,4/24/1955,A2: Senior Citizen,Office of Senior Citizen Affairs,2072565,2755,,0,0,0,0,0,0,0,0,None,55-B West Slide,Lualhati,Baguio City,Benguet,CAR,9987654321,Eddie.Rafael@gmail.com
Dominic Austin,Sicat,Igop,Jr.,Student,Male,10/25/1975,A6: Rest of the Population,Other,2102299,4693,,0,0,1,0,0,1,0,0,None,65 Naiba,San Vicente,Baguio City,Benguet,CAR,9500876123,Dominic Austin.Sicat@gmail.com
James,Banaag,Palma,,Farmer,Male,11/2/1974,A5: Indigent Population,Other,8783960,4621,,0,0,0,0,0,0,0,0,None,47 Upper Monterazas,Alfonso Tabora,Baguio City,Benguet,CAR,9667555424,James.Banaag@gmail.com
Logan,Bangon,Natividad,,Waiter,Male,9/22/1989,"A4: Frontline Personnel in Essential Sector, including Uniformed Other",Other,1597428,9012,,0,0,0,1,0,0,0,0,None,15 Beleng,Ambiong,Baguio City,Benguet,CAR,9202171640,Logan.Bangon@gmail.com
Ryan,Basa,Diaz,,Jeep Conductor,Male,12/25/1972,"A4: Frontline Personnel in Essential Sector, including Uniformed Other",Other,1604357,5129,,0,0,0,0,0,0,0,0,None,89 - San Luis Road,Apugan-Loakan,Baguio City,Benguet,CAR,9873825289,Ryan.Basa@gmail.com
Jamie,Dalisay,Ocampo,,Student,Male,10/31/1976,A3: Person with Commorbidity,Other,1674720,7581,4545654,0,0,1,0,0,0,0,0,None,17 Balilo,Bagong Lipunan (Market Area),Baguio City,Benguet,CAR,9804881607,Jamie.Dalisay@gmail.com
Kyle,Laxamana,Lopez,,Reporter,Male,11/30/1999,"A4: Frontline Personnel in Essential Sector, including Uniformed Other",Facility,9517279,3519,,0,0,0,0,1,0,0,0,None,85A - Circle,Bayan Park East,Baguio City,Benguet,CAR,9901480444,Kyle.Laxamana@gmail.com
Kyndra,Suarez,Diaz,,Professor,Female,1/24/1990,"A4: Frontline Personnel in Essential Sector, including Uniformed Other",Professional Regulation  Commission ,3006499,6730,,0,0,0,1,0,0,0,0,None,77 - Pico Street,Bayan Park West (Bayan Park),Baguio City,Benguet,CAR,9704230263,Kyndra.Suarez@gmail.com
Caryl,Tolentino,Abalos,,Photographer,Female,11/14/1991,"A4: Frontline Personnel in Essential Sector, including Uniformed Other",Facility,2325387,8559,,1,1,0,0,0,0,0,0,None,Mabini Road,Brookside,Baguio City,Benguet,CAR,9199686580,Caryl.Tolentino@gmail.com
